{"cameraMode":{"drawMode":0,"name":"Shaded","section":"Shading Mode"},"sceneLighting":true,"audioPlay":false,"sceneViewState":{"showFog":true,"showMaterialUpdate":false,"showSkybox":true,"showFlares":true,"showImageEffects":true,"showParticleSystems":true},"in2DMode":false,"pivot":{"x":53.65346908569336,"y":-2.3232903480529787,"z":188.61080932617188},"rotation":{"x":-0.045301202684640887,"y":-0.15905584394931794,"z":0.007304790895432234,"w":-0.9862026572227478},"size":236.36904907226563,"orthographic":false}