{"cameraMode":{"drawMode":0,"name":"Shaded","section":"Shading Mode"},"sceneLighting":false,"audioPlay":false,"sceneViewState":{"showFog":true,"showMaterialUpdate":false,"showSkybox":true,"showFlares":true,"showImageEffects":true,"showParticleSystems":true},"in2DMode":false,"pivot":{"x":-0.45357823371887209,"y":0.573310136795044,"z":-0.22133682668209077},"rotation":{"x":0.03981095552444458,"y":-0.6871616840362549,"z":0.037764400243759158,"w":0.7244293093681336},"size":2.015897750854492,"orthographic":false}