{"cameraMode":{"drawMode":0,"name":"Shaded","section":"Shading Mode"},"sceneLighting":false,"audioPlay":false,"sceneViewState":{"showFog":true,"showMaterialUpdate":false,"showSkybox":true,"showFlares":true,"showImageEffects":true,"showParticleSystems":true},"in2DMode":false,"pivot":{"x":0.29499998688697817,"y":0.0925000011920929,"z":2.239999771118164},"rotation":{"x":0.06607915461063385,"y":-0.6949522495269775,"z":0.06439706683158875,"w":0.7131115198135376},"size":7.656733512878418,"orthographic":false}